CustomerID,Recency,Frequency,Monetary,TicketMedio,ProdutosDistintos,TempoCliente,ProbabilidadeRecompra,Propensao
18118.0,14,23,4969.35,216.05869565217392,406,339,0.9897056495481227,Alta
15358.0,4,20,7517.14,375.857,285,335,0.9822258602034282,Alta
14667.0,0,22,8073.52,366.9781818181818,311,337,0.9820455294595799,Alta
13199.0,1,29,7686.38,265.04758620689654,42,336,0.9802203575764906,Alta
18229.0,1,18,6591.2,366.17777777777775,62,342,0.9775432525395138,Alta
13113.0,9,22,11569.800000000001,525.9,95,335,0.976868338453189,Alta
17068.0,19,19,4242.36,223.2821052631579,111,337,0.9753257162860633,Alta
13089.0,1,87,50713.66,582.9156321839081,625,339,0.9740396238439893,Alta
16713.0,36,13,5290.76,406.9815384615385,310,335,0.9731649115197875,Alta
16931.0,9,19,3848.5,202.55263157894737,407,339,0.9728990741271332,Alta
17428.0,7,25,16235.45,649.418,251,338,0.9726765236168943,Alta
13468.0,8,33,5163.22,156.46121212121213,170,342,0.9722806734201398,Alta
14180.0,27,23,4408.62,191.6791304347826,108,341,0.9713913209284061,Alta
17677.0,5,27,15000.38,555.5696296296296,174,338,0.970546979097291,Alta
14527.0,1,49,6971.04,142.2661224489796,297,338,0.9696720885194412,Alta
16701.0,14,12,4899.86,408.32166666666666,91,331,0.9683912899658093,Alta
13488.0,12,12,8246.17,687.1808333333333,262,336,0.9652309877379939,Alta
14135.0,1,13,4247.41,326.7238461538461,88,342,0.9639990031767752,Alta
14060.0,26,17,5430.38,319.4341176470588,83,342,0.9625059255133271,Alta
17315.0,7,35,5534.7300000000005,158.13514285714285,249,327,0.9613972017333154,Alta
16161.0,28,15,4258.99,283.93266666666665,239,338,0.9601987920493023,Alta
14606.0,1,84,10837.45,129.0172619047619,764,342,0.9588116718394779,Alta
14952.0,29,11,8099.49,736.3172727272727,117,334,0.9587709286974833,Alta
15301.0,20,12,5049.95,420.82916666666665,167,338,0.958656768943619,Alta
14688.0,9,19,4949.83,260.51736842105265,117,343,0.9583639107889039,Alta
16746.0,5,15,5613.31,374.2206666666667,206,328,0.9580615123210526,Alta
17450.0,5,37,174028.76,4703.4800000000005,122,337,0.9578818276511735,Alta
14709.0,0,12,4609.04,384.08666666666664,71,327,0.9559943687959646,Alta
13777.0,27,28,16974.850000000002,606.2446428571428,36,342,0.9548285370728505,Alta
13418.0,30,17,5438.81,319.93,215,342,0.9530583203811152,Alta
15601.0,25,13,6598.16,507.5507692307692,230,342,0.9529874767649134,Alta
17220.0,15,12,2893.77,241.1475,284,333,0.9518218652569842,Alta
14159.0,10,10,3808.7599999999998,380.87600000000003,458,332,0.9488196444573695,Alta
12431.0,5,15,6419.95,427.99666666666667,163,343,0.948434376311668,Alta
18223.0,9,13,5905.82,454.2938461538461,113,327,0.9465627696800937,Alta
16705.0,8,15,12583.33,838.8886666666668,121,328,0.9428578297528116,Alta
13090.0,0,12,7979.68,664.9733333333334,92,342,0.9402755223152943,Alta
14680.0,41,15,27586.51,1839.1006666666665,72,341,0.9347203589762096,Alta
13081.0,5,9,26141.46,2904.6066666666666,489,340,0.9332674760464755,Alta
13178.0,5,10,5418.99,541.899,86,330,0.9315004784313489,Alta
15570.0,5,10,3768.8,376.88,223,338,0.9291534920967037,Alta
15719.0,2,13,5030.07,386.92846153846153,299,307,0.928221613814967,Alta
17377.0,0,18,3741.92,207.88444444444445,181,343,0.9254129867135439,Alta
16019.0,16,9,3786.24,420.6933333333333,133,334,0.9196695353420402,Alta
13880.0,21,12,2823.12,235.26,111,336,0.9195522138820342,Alta
16168.0,3,22,3329.34,151.33363636363637,53,339,0.9187503909454281,Alta
12476.0,15,9,4822.43,535.8255555555556,122,330,0.9170975361960744,Alta
17402.0,20,11,2034.1499999999999,184.9227272727273,31,338,0.9124816621674681,Alta
16186.0,15,11,3594.14,326.74,87,341,0.9113342415376614,Alta
13097.0,2,10,6003.22,600.322,214,329,0.9099252524730022,Alta
18055.0,9,9,5897.570000000001,655.2855555555556,207,339,0.9048037669537334,Alta
16393.0,22,10,2114.38,211.43800000000002,108,338,0.9037767387490785,Alta
13842.0,28,9,3385.62,376.18,155,336,0.902004320806432,Alta
14825.0,32,9,1644.91,182.76777777777778,71,338,0.9009374680099107,Alta
18219.0,12,9,1827.4,203.04444444444445,57,338,0.8972317810915382,Alta
18075.0,29,9,2257.77,250.86333333333337,81,330,0.896223610987962,Alta
12437.0,5,15,4294.5,286.3,108,300,0.8941105616324275,Alta
16818.0,40,10,3221.81,322.18100000000004,167,175,0.8925899180721515,Alta
14099.0,12,10,2890.37,289.037,160,324,0.8853829992169102,Alta
15984.0,40,8,2050.71,256.33875,179,337,0.8843595055734276,Alta
14534.0,35,15,3737.26,249.1506666666667,304,288,0.876561305470889,Alta
14217.0,9,14,1665.14,118.93857142857144,68,335,0.876056211116982,Alta
17613.0,13,12,4247.65,353.97083333333336,209,275,0.874442916755028,Alta
17139.0,8,11,10182.25,925.6590909090909,307,258,0.8727670565750301,Alta
17306.0,6,17,7586.16,446.24470588235295,11,322,0.8710672608931255,Alta
14562.0,7,13,3809.4,293.03076923076924,169,273,0.8696253390690358,Alta
14895.0,9,16,9442.17,590.135625,264,259,0.8563764000341156,Alta
15827.0,42,14,1836.09,131.1492857142857,72,341,0.8531358699441405,Alta
15150.0,2,9,4998.74,555.4155555555556,273,238,0.8525051037625188,Alta
14191.0,7,10,3149.84,314.98400000000004,92,190,0.8459956781137874,Alta
14808.0,9,8,2718.6,339.82500000000005,176,141,0.8434277647137001,Alta
15622.0,12,9,3709.56,412.17333333333335,169,251,0.8398103403764041,Alta
13993.0,12,9,3466.36,385.1511111111111,66,300,0.833172297814957,Alta
16059.0,35,6,1453.16,242.19333333333336,126,337,0.8273516501572615,Alta
14367.0,0,14,8279.44,591.3885714285715,262,245,0.8250512467275465,Alta
14404.0,3,6,1449.32,241.5533333333333,70,338,0.8238634576587328,Alta
14221.0,11,9,3432.8,381.4222222222222,123,308,0.8232754607945201,Alta
12500.0,19,10,3640.7799999999997,364.078,34,303,0.8220027276096826,Alta
14462.0,35,11,1980.57,180.0518181818182,150,309,0.8215729983073411,Alta
13629.0,0,10,7076.36,707.636,27,308,0.8206224848722777,Alta
12594.0,7,10,3338.2200000000003,333.822,50,292,0.8093746849965705,Alta
15144.0,12,15,5358.3,357.22,120,281,0.8084261808410037,Alta
13268.0,8,8,2849.79,356.22375,246,236,0.8083974348389901,Alta
13021.0,7,7,1918.38,274.05428571428575,67,328,0.8060964584508349,Alta
16316.0,33,8,2938.91,367.36375,120,327,0.805322761618181,Alta
17491.0,6,8,2784.45,348.05625,65,337,0.8030651258525788,Alta
16326.0,3,12,2506.03,208.8358333333333,153,304,0.8017614129491958,Alta
16333.0,5,20,25079.6,1253.98,9,279,0.798015093628526,Alta
14096.0,8,12,28401.03,2366.7525,916,71,0.7951092286491146,Alta
18172.0,0,19,7153.68,376.50947368421055,100,259,0.7941810596439981,Alta
12744.0,21,7,21279.29,3039.8985714285714,178,287,0.7939440598520708,Alta
13230.0,107,12,2195.23,182.93583333333333,302,334,0.7923858961155902,Alta
14733.0,80,11,9044.2,822.1999999999999,98,337,0.7914689126071742,Alta
16837.0,0,11,3170.98,288.2709090909091,123,215,0.791027878478819,Alta
17214.0,29,6,1059.1200000000001,176.52,79,328,0.7900706343003883,Alta
14744.0,29,6,1011.78,168.63,18,336,0.7896201945627277,Alta
15518.0,33,8,1921.55,240.19375,135,301,0.7879989266252394,Alta
17997.0,43,8,1962.46,245.3075,133,133,0.7878708023810921,Alta
15249.0,1,13,6688.46,514.496923076923,211,226,0.7873733231355182,Alta
14901.0,1,8,1226.47,153.30875,65,342,0.7789770803268229,Alta
17396.0,8,8,7330.8,916.35,24,341,0.777960126170806,Alta
16592.0,0,13,2729.34,209.94923076923078,120,257,0.7755394000393296,Alta
15527.0,8,7,2249.44,321.34857142857146,94,323,0.7748493474586976,Alta
16115.0,10,7,1511.87,215.98142857142855,165,262,0.7726554844641836,Alta
17940.0,18,10,4020.04,402.004,6,272,0.7696366646103322,Alta
13890.0,2,5,1001.91,200.382,48,328,0.7693867150675011,Alta
17126.0,121,5,989.45,197.89000000000001,187,332,0.7693532650954158,Alta
15605.0,5,5,1198.23,239.64600000000002,61,342,0.7617177340292275,Alta
14776.0,20,11,2538.2999999999997,230.75454545454548,44,281,0.7604264233221316,Alta
16235.0,10,5,867.3100000000001,173.46200000000002,42,301,0.760079290998684,Alta
15939.0,59,15,6115.01,407.6673333333334,28,301,0.7581514319156818,Alta
14936.0,3,8,8137.02,1017.1274999999999,210,245,0.7541461889769504,Alta
14397.0,11,14,1590.18,113.58428571428571,16,183,0.7494489803459811,Alta
12347.0,9,6,4085.18,680.8633333333333,100,336,0.7485302560758231,Alta
17262.0,21,5,1253.3600000000001,250.67200000000003,9,335,0.7477724281249616,Alta
18171.0,28,5,1231.31,246.262,43,303,0.7452992033117528,Alta
16360.0,8,4,1964.78,491.195,243,57,0.7403557956298673,Alta
18008.0,39,9,2116.19,235.13222222222223,24,288,0.7388296063124745,Alta
16942.0,3,8,1643.28,205.41,130,197,0.7385309196166886,Alta
15241.0,36,8,1756.44,219.555,82,253,0.7382182384104936,Alta
17512.0,20,9,2473.31,274.81222222222226,58,271,0.7351549737862354,Alta
12843.0,35,8,1702.26,212.7825,69,233,0.7344115001161122,Alta
16076.0,22,8,1887.5700000000002,235.94625000000002,71,178,0.7335144304891559,Alta
14944.0,46,9,4922.51,546.9455555555555,96,266,0.7322912256047718,Alta
15860.0,10,8,965.16,120.645,105,338,0.7290668933959894,Alta
13527.0,3,7,2242.36,320.33714285714285,153,296,0.7239692257179206,Alta
16266.0,43,7,861.89,123.12714285714286,44,175,0.7217179127790926,Alta
15628.0,16,7,2363.36,337.6228571428572,81,336,0.7199242594480223,Alta
17705.0,44,7,1191.92,170.27428571428572,54,271,0.7187034180401036,Alta
13725.0,19,8,1980.56,247.57,95,278,0.7160347416066526,Alta
17655.0,9,6,2191.2,365.20000000000005,62,335,0.7158676686203538,Alta
16743.0,82,6,1860.9,310.15000000000003,82,328,0.706266251680292,Alta
14434.0,7,5,1032.0,206.4,3,41,0.7062227937927443,Alta
15370.0,10,7,2386.05,340.86428571428576,65,302,0.7027648961513515,Alta
17337.0,120,4,1981.06,495.265,421,279,0.7002344586806812,Alta
17673.0,36,5,1482.5,296.5,113,289,0.6977001009451934,Média
14978.0,41,5,1921.3700000000001,384.274,136,300,0.6957861661863826,Média
12721.0,1,6,2656.13,442.68833333333333,133,324,0.6923257390808324,Média
14976.0,26,7,790.86,112.98,47,296,0.6908350822426967,Média
14738.0,12,7,1314.45,187.77857142857144,39,285,0.6887349865403661,Média
13183.0,6,8,3528.7200000000003,441.09000000000003,51,304,0.6886949672021374,Média
17086.0,0,4,1252.06,313.015,55,33,0.6866092208111509,Média
13448.0,49,5,2484.37,496.87399999999997,130,343,0.6855374449840226,Média
17567.0,26,7,3913.48,559.0685714285714,107,341,0.6850939180218756,Média
18122.0,5,4,962.48,240.62,122,120,0.6838919059177062,Média
17861.0,105,5,1299.49,259.898,114,289,0.6833987845101352,Média
14461.0,117,3,2103.06,701.02,173,231,0.6831156553775348,Média
17400.0,95,5,2097.84,419.56800000000004,175,322,0.681758170899241,Média
14903.0,94,4,2398.62,599.655,195,248,0.6804817078876659,Média
15203.0,49,5,1517.72,303.544,75,281,0.6787032259843285,Média
16394.0,26,5,1555.34,311.06800000000004,61,259,0.6782871113752533,Média
17571.0,19,4,1425.67,356.4175,247,267,0.6758759407115471,Média
16049.0,9,3,1074.81,358.27,248,44,0.6757032621646416,Média
15706.0,33,4,1060.56,265.14,50,85,0.6746887083421078,Média
15093.0,86,5,4027.1,805.4200000000001,51,341,0.6671339236382711,Média
13634.0,2,5,1547.3600000000001,309.47200000000004,156,296,0.6669724303289362,Média
13750.0,23,5,1647.26,329.452,20,306,0.6657529710660939,Média
17059.0,79,4,2237.1,559.275,232,339,0.661728356489633,Média
16681.0,42,6,1770.3400000000001,295.0566666666667,18,222,0.661630791147146,Média
14883.0,9,5,666.0699999999999,133.214,37,181,0.6608729186106377,Média
18177.0,0,6,1340.8700000000001,223.47833333333335,53,225,0.6604813019914062,Média
14913.0,5,4,1227.43,306.8575,76,328,0.6567516625133121,Média
13435.0,13,5,2531.62,506.32399999999996,53,158,0.6556649757625375,Média
16143.0,77,5,1949.3600000000001,389.872,70,338,0.652510273629872,Média
13394.0,23,7,2217.92,316.8457142857143,118,279,0.6521071218178244,Média
14854.0,47,7,2740.03,391.43285714285713,110,244,0.6490256088314215,Média
16497.0,19,6,2965.69,494.2816666666667,128,302,0.6475692010931813,Média
15932.0,57,7,2195.65,313.6642857142857,76,258,0.6462875308869303,Média
17434.0,6,3,1141.23,380.41,53,54,0.6456395384571829,Média
14299.0,27,7,3150.55,450.0785714285715,89,335,0.6426795384027846,Média
12610.0,13,4,1851.34,462.835,83,95,0.6423480521958951,Média
12957.0,41,6,2640.7200000000003,440.11999999999995,146,309,0.6411222261109653,Média
12381.0,2,4,1698.3,424.575,67,89,0.6384206109464597,Média
13507.0,67,3,2022.79,674.2633333333334,123,115,0.6363318969039653,Média
17410.0,7,4,978.38,244.59499999999997,50,184,0.6360173565012603,Média
12518.0,28,3,1230.79,410.2633333333333,60,79,0.6356970208875945,Média
17444.0,117,3,2940.04,980.0133333333333,132,142,0.6354229665773207,Média
13456.0,32,4,1309.8200000000002,327.45500000000004,39,176,0.6352990463676037,Média
15105.0,36,4,1717.57,429.3925,74,104,0.634784401892579,Média
18097.0,96,5,1986.2,397.23999999999995,56,323,0.6327561167909244,Média
17364.0,106,6,2617.41,436.23499999999996,153,300,0.6326438517432315,Média
17924.0,8,5,2669.94,533.988,24,343,0.6317032393688161,Média
12952.0,12,3,1090.06,363.3533333333333,55,47,0.6305207036205747,Média
13505.0,42,4,4393.63,1098.4075,182,202,0.6302717420718164,Média
13117.0,91,7,841.77,120.25285714285714,57,341,0.6287131421866247,Média
15716.0,115,4,1101.11,275.27750000000003,101,339,0.6248705199996553,Média
12546.0,16,2,1161.5,580.75,59,47,0.623897088169665,Média
14640.0,28,5,1789.43,357.886,71,197,0.6238193440653683,Média
13429.0,19,3,693.0,231.0,38,44,0.6236051822657848,Média
13752.0,93,6,1175.38,195.89666666666668,64,216,0.6233675603745826,Média
16101.0,40,1,1290.7,1290.7,76,40,0.6228559179097882,Média
14529.0,29,3,578.61,192.87,177,79,0.6216358326502422,Média
15296.0,20,6,3672.86,612.1433333333333,137,296,0.620493113734583,Média
14101.0,43,6,5976.79,996.1316666666667,15,295,0.6191247100136688,Média
14408.0,64,6,2290.81,381.80166666666673,59,233,0.6164941011180622,Média
13849.0,21,2,1537.95,768.975,97,140,0.6155584236686057,Média
15128.0,29,4,1471.0,367.75,74,189,0.6151013660395993,Média
13743.0,58,6,1065.84,177.64,8,228,0.6141656335363435,Média
14261.0,20,2,1163.45,581.725,52,48,0.6127474635822765,Média
16440.0,21,3,1808.83,602.9433333333334,129,184,0.6118023879413872,Média
18168.0,145,6,1160.04,193.34,97,341,0.6108097314481934,Média
16470.0,21,4,752.77,188.1925,120,328,0.6102070966767632,Média
16370.0,51,4,1301.91,325.4775,143,194,0.6089923847496859,Média
15801.0,15,3,1063.95,354.65000000000003,61,79,0.6064136478149907,Média
13875.0,23,5,1786.79,357.358,79,270,0.6042011807406159,Média
17774.0,66,4,1213.73,303.4325,123,274,0.6037774061789206,Média
14175.0,29,3,3222.3,1074.1000000000001,139,299,0.6028213009390729,Média
16456.0,68,5,2158.18,431.6360000000001,80,342,0.6014181397724582,Média
14824.0,2,3,811.01,270.33666666666664,19,60,0.598553973103093,Média
16503.0,76,4,1431.93,357.9825,71,329,0.5985240371034303,Média
14739.0,35,5,2857.36,571.472,39,336,0.5964170769606367,Média
13956.0,23,4,865.72,216.43,107,240,0.5955247654111173,Média
17422.0,62,5,1698.97,339.794,80,265,0.59102292298518,Média
14035.0,16,4,1127.7,281.925,40,267,0.5899980190757624,Média
16009.0,1,3,913.11,304.37,68,129,0.5898700272723769,Média
15730.0,35,3,1120.88,373.6266666666667,68,176,0.5891014086358981,Média
12700.0,35,3,3625.24,1208.4133333333332,167,184,0.5882996410345623,Média
13495.0,5,4,1732.23,433.0575,32,337,0.5880317991411086,Média
16416.0,12,2,678.72,339.36,47,25,0.5868773683906562,Média
16438.0,5,3,468.03000000000003,156.01,60,51,0.5855029863228779,Média
16053.0,2,2,1511.95,755.975,81,91,0.5844997444308723,Média
17905.0,40,4,798.99,199.7475,33,342,0.5841981242187977,Média
14587.0,153,8,1452.68,181.585,166,300,0.583463650863034,Média
16989.0,32,4,1027.65,256.9125,7,120,0.5807687686508275,Média
14224.0,79,4,1009.73,252.4325,105,289,0.5807116792077609,Média
16085.0,27,4,739.98,184.995,101,290,0.577087200101927,Média
13824.0,2,5,1698.94,339.788,34,279,0.5768235255448702,Média
14234.0,14,2,431.0,215.5,108,26,0.576146451938463,Média
13982.0,8,4,1871.81,467.95250000000004,72,334,0.5734668738886605,Média
13761.0,19,2,1070.65,535.325,68,149,0.5721493126706023,Média
13953.0,22,6,3104.36,517.3933333333333,8,322,0.5715377980132713,Média
14592.0,4,3,557.94,185.98,132,33,0.5700283501650651,Média
17459.0,12,2,657.3,328.65,88,29,0.5696386307042457,Média
14669.0,211,3,1259.24,419.74666666666667,158,302,0.568071665688396,Média
16056.0,14,1,650.75,650.75,66,14,0.5670623089665633,Média
14626.0,34,3,2182.2,727.4,82,202,0.5670477701730495,Média
16218.0,84,6,2635.48,439.24666666666667,51,343,0.5639566091840728,Média
15584.0,17,3,576.8,192.26666666666665,81,131,0.5611608256087081,Média
13588.0,0,7,2253.32,321.90285714285716,125,224,0.56115318047981,Média
14959.0,33,4,695.42,173.85500000000002,37,265,0.5589276271808071,Média
16243.0,3,2,409.1,204.55,49,24,0.556563457316536,Média
16169.0,9,2,904.8000000000001,452.40000000000003,33,45,0.5561516313791033,Média
13643.0,0,3,519.44,173.14666666666668,24,155,0.5560192172213896,Média
17341.0,126,3,682.29,227.42999999999998,147,336,0.5556646264666221,Média
16043.0,7,4,773.99,193.4975,30,287,0.5538254790434636,Média
15755.0,43,5,2076.7400000000002,415.34799999999996,119,264,0.5532135631445786,Média
15549.0,46,3,1681.46,560.4866666666667,104,285,0.5529865968055537,Média
16099.0,19,3,731.9,243.9666666666667,29,195,0.5528026293133856,Média
16284.0,0,2,812.68,406.34000000000003,87,19,0.5513045291632734,Média
16464.0,49,2,983.33,491.66499999999996,141,111,0.5507712891575113,Média
15862.0,81,3,659.73,219.91,98,343,0.5499282013983248,Média
12664.0,5,7,3681.88,525.9828571428571,10,292,0.5493848538789498,Média
14179.0,10,2,701.57,350.785,135,21,0.5493790749358097,Média
12530.0,29,4,1662.28,415.57,51,306,0.5471762824693638,Média
15117.0,19,3,1202.03,400.6766666666667,57,185,0.5448762250851736,Média
12412.0,44,3,1226.88,408.96000000000004,43,138,0.5441805859956379,Média
16128.0,6,4,1690.5800000000002,422.645,76,252,0.5440389375118722,Média
13040.0,2,1,303.25,303.25,21,2,0.5436015541355341,Média
17014.0,1,2,353.81,176.905,53,36,0.5424163910834034,Média
17169.0,27,2,835.78,417.89,51,152,0.5415740555253563,Média
15568.0,14,2,422.52,211.26,26,42,0.5411361175203097,Média
15156.0,3,1,317.8,317.8,20,3,0.5373737007038135,Média
12607.0,29,1,1579.51,1579.51,101,29,0.534177957915068,Média
16882.0,36,3,705.12,235.04,39,286,0.532173458234077,Média
16258.0,14,5,5203.51,1040.702,111,188,0.5307940170590417,Média
16825.0,8,2,775.18,387.59000000000003,27,155,0.5304984017955852,Média
15017.0,3,1,125.58,125.58,20,3,0.529318039917318,Média
16711.0,109,3,909.87,303.29,9,327,0.5288498503259261,Média
12348.0,44,4,1797.24,449.31,22,327,0.528056574471344,Média
17159.0,44,2,926.67,463.33500000000004,51,141,0.5226544569166988,Média
14098.0,6,1,147.35,147.35,21,6,0.5225981200730727,Média
15819.0,18,4,1905.45,476.3625,96,246,0.5213282258539014,Média
13591.0,34,3,1117.13,372.3766666666666,56,236,0.520086782881093,Média
13984.0,95,4,819.33,204.8325,10,335,0.5196809438772493,Média
14621.0,126,3,1002.9100000000001,334.30333333333334,45,327,0.5193643823096846,Média
16341.0,55,2,1531.89,765.9449999999999,53,170,0.5191023062182473,Média
17934.0,21,2,704.25,352.125,21,28,0.5182874232381315,Média
17515.0,0,4,639.02,159.755,49,287,0.5178074307533371,Média
13562.0,51,3,1799.3300000000002,599.7766666666666,50,215,0.5171760137546516,Média
13314.0,32,2,589.47,294.735,40,43,0.5167147926893986,Média
17724.0,40,3,1033.0,344.3333333333333,38,107,0.5167034702178642,Média
16618.0,0,5,2647.59,529.518,79,292,0.516614659448174,Média
17054.0,107,4,1207.32,301.83,58,214,0.5165342812518461,Média
17386.0,68,5,1697.3400000000001,339.468,8,135,0.5158545396211167,Média
14532.0,205,4,932.85,233.21250000000003,45,321,0.5147528939744432,Média
13354.0,40,1,743.53,743.53,51,40,0.5146624873962454,Média
16488.0,2,3,498.8,166.26666666666668,28,118,0.5133758929872453,Média
14493.0,16,2,1010.72,505.36,48,124,0.5133083957948966,Média
15469.0,19,2,538.55,269.275,24,89,0.5126119460709279,Média
15667.0,9,1,301.32000000000005,301.32000000000005,13,9,0.5120445172049947,Média
16201.0,14,2,782.83,391.415,48,79,0.509879783012288,Média
13464.0,27,1,674.68,674.68,41,27,0.5093334085422454,Média
17042.0,90,4,915.02,228.755,69,216,0.5091929415841391,Média
15977.0,8,1,355.63,355.63,28,8,0.5091411782735945,Média
18096.0,26,2,573.92,286.96,121,33,0.5089819941835957,Média
13662.0,55,3,881.26,293.75333333333333,50,228,0.5082837703047383,Média
13908.0,49,4,2369.55,592.3875,104,246,0.5081054256105487,Média
14700.0,1,3,2195.1,731.6999999999999,80,207,0.5080251924297899,Média
16083.0,70,2,1317.62,658.81,31,330,0.5072930227341712,Média
16624.0,50,2,810.57,405.28499999999997,44,166,0.5072517769919883,Média
15748.0,9,1,144.36,144.36,19,9,0.5070900384716197,Média
14359.0,12,2,785.48,392.74,44,57,0.5070005145915495,Média
17637.0,0,2,547.0600000000001,273.53,35,84,0.5064502786534096,Média
18136.0,32,3,784.33,261.4433333333333,34,289,0.5059721498939516,Média
13722.0,101,3,2375.41,791.8033333333333,75,252,0.5025273848672321,Média
15933.0,40,2,728.27,364.135,44,56,0.5024659208582424,Média
17252.0,86,2,348.90999999999997,174.45499999999998,86,155,0.5010628990422602,Média
16480.0,45,1,769.29,769.29,51,45,0.5007159015010061,Média
12913.0,252,3,866.39,288.7966666666667,12,337,0.5002938543480421,Média
15806.0,15,3,784.58,261.5266666666667,24,246,0.49912781325768124,Média
15704.0,109,4,2293.62,573.405,79,185,0.4965104502773559,Média
14229.0,21,3,1547.2,515.7333333333332,29,303,0.49448861572751185,Média
14584.0,138,4,1033.06,258.265,68,167,0.4940918322274868,Média
13192.0,64,2,911.94,455.97,57,174,0.4934379552231182,Média
15330.0,1,2,714.9599999999999,357.48,10,30,0.49205349465743664,Média
13280.0,91,3,798.46,266.15333333333336,67,306,0.49169917355037,Média
16805.0,143,2,460.59000000000003,230.295,94,329,0.4912275206870501,Média
17403.0,5,1,263.92,263.92,32,5,0.49087277090281106,Média
15983.0,330,3,1138.37,379.4566666666667,57,343,0.4888209852617691,Média
14295.0,9,1,166.20000000000002,166.20000000000002,5,9,0.4884042928601917,Média
14577.0,133,3,646.64,215.5466666666667,70,332,0.48808887315001,Média
13447.0,3,2,654.01,327.005,38,5,0.4873996216826408,Média
12581.0,9,1,197.71,197.71,15,9,0.48673013671391335,Média
14102.0,6,2,546.0,273.0,27,14,0.4864097382306113,Média
14931.0,44,3,847.65,282.55,27,210,0.4847723226800778,Média
13848.0,61,3,1255.0,418.3333333333333,3,335,0.483258686994818,Média
17472.0,160,3,697.54,232.51333333333332,142,268,0.4828872232295019,Média
14923.0,20,1,749.1,749.1,44,20,0.48282398568853246,Média
15103.0,0,2,703.36,351.68,35,55,0.48253962715870274,Média
16350.0,34,3,1001.87,333.95666666666665,40,303,0.48236570227959885,Média
16877.0,9,3,450.91,150.30333333333334,79,177,0.4820638331328787,Média
13370.0,341,1,754.87,754.87,39,341,0.48092269258522446,Média
13131.0,40,2,772.2,386.1,22,157,0.480811739023148,Média
17033.0,55,3,1030.14,343.37999999999994,24,328,0.48025337743477164,Média
12379.0,51,2,852.24,426.12,39,139,0.4800306708753005,Média
14250.0,58,1,1228.83,1228.83,74,58,0.47988082330975856,Média
14965.0,65,2,596.09,298.04499999999996,80,65,0.47906445318092766,Média
17019.0,231,3,995.93,331.97666666666663,114,337,0.4783809904633038,Média
14775.0,27,3,1011.9,337.3,57,341,0.4782006060124116,Média
14719.0,30,3,788.0,262.6666666666667,117,218,0.47689216493706377,Média
13147.0,0,3,475.2,158.4,1,69,0.47586458468573817,Média
13914.0,5,1,321.07,321.07,16,5,0.4749322740755211,Média
14257.0,33,5,3099.7200000000003,619.9440000000001,88,288,0.47454828621988826,Média
12967.0,327,2,1660.9,830.45,19,341,0.4743793459433384,Média
13200.0,43,2,627.01,313.505,34,95,0.4742114195004993,Média
14820.0,3,3,381.29,127.09666666666668,23,142,0.4738818725168526,Média
14276.0,68,3,1119.74,373.24666666666667,52,259,0.47315746341655784,Média
14002.0,103,2,529.73,264.865,47,125,0.473081353132827,Média
15757.0,35,2,714.42,357.21000000000004,43,187,0.4724556540600999,Média
12585.0,203,2,2040.1,1020.05,77,320,0.47232000881673153,Média
17828.0,79,3,1076.66,358.8866666666667,51,154,0.4719489682719085,Média
12667.0,27,1,620.13,620.13,33,27,0.4701691270013828,Média
15626.0,44,2,675.8,337.9,49,299,0.46997576840741334,Média
17994.0,91,4,674.89,168.7225,63,260,0.4683833303105638,Média
13421.0,9,2,1833.71,916.855,88,259,0.4671987016663797,Média
12409.0,48,3,11072.67,3690.89,91,152,0.4667784018600378,Média
13093.0,245,8,7832.47,979.05875,97,342,0.46655680768144264,Média
16190.0,9,1,215.08,215.08,6,9,0.4661509102808345,Média
14451.0,29,2,643.9,321.95,86,164,0.46585042548183564,Média
15235.0,187,12,2247.51,187.29250000000002,132,342,0.4643947761390756,Média
17298.0,70,2,498.42,249.21,30,94,0.4642920526966706,Média
13577.0,62,3,1193.8,397.93333333333334,49,211,0.463838104255366,Média
16780.0,69,2,422.24,211.12,51,228,0.46280467374811346,Média
14389.0,34,2,1043.46,521.73,33,160,0.4586875797628273,Média
13233.0,43,2,605.12,302.56,43,305,0.45778957938277426,Média
15265.0,120,2,1506.1200000000001,753.06,76,205,0.45757312045908266,Média
16324.0,97,3,408.59000000000003,136.1966666666667,100,146,0.45733086997474987,Média
15907.0,146,2,477.59000000000003,238.79500000000002,93,179,0.45473983767586834,Média
12550.0,48,1,964.83,964.83,57,48,0.45382750278037176,Média
14731.0,16,3,380.02,126.67333333333333,38,181,0.4529836519928408,Média
17204.0,144,4,1564.56,391.14000000000004,44,233,0.4518139559603351,Média
17926.0,102,2,397.29,198.645,17,173,0.4510516778185823,Média
13710.0,1,1,180.48,180.48,8,1,0.44985766512635916,Média
15976.0,134,2,427.64,213.82,83,189,0.4496025830949324,Média
14446.0,50,2,674.56,337.28,162,216,0.4483763520410851,Média
17460.0,63,6,622.4300000000001,103.73833333333334,18,342,0.4470719640576268,Média
18143.0,86,2,1000.16,500.08000000000004,59,111,0.4459946433858608,Média
13475.0,160,4,1431.78,357.945,64,268,0.44459961606633414,Média
15840.0,28,2,355.56,177.78,26,142,0.44361094533369416,Média
13248.0,94,2,465.68,232.84000000000003,25,158,0.4425019338533252,Média
16807.0,112,3,1121.59,373.8633333333334,57,240,0.44174786425914525,Média
16374.0,35,2,466.73,233.365,101,231,0.4410242796691905,Média
12816.0,65,2,572.2,286.1,27,145,0.4409169851998261,Média
16347.0,5,1,436.79,436.79,49,5,0.44082682661268907,Média
13720.0,86,4,799.9,199.975,42,224,0.44078868259308507,Média
16842.0,70,3,1264.19,421.3966666666667,45,271,0.44073548841251325,Média
17884.0,281,3,590.54,196.84666666666666,86,341,0.43856563115660974,Média
13919.0,28,2,384.81,192.405,24,91,0.4384827186393832,Média
18239.0,188,5,1561.6100000000001,312.322,80,341,0.43667745178630923,Média
14947.0,41,2,290.82,145.41,14,100,0.43651521325323406,Média
17018.0,10,2,920.1,460.05,15,295,0.4346530651579249,Média
14272.0,43,2,437.96,218.98000000000002,33,223,0.4345060229033705,Média
17483.0,34,3,414.04,138.01333333333335,18,152,0.43378934385204443,Média
13271.0,6,1,211.49,211.49,79,6,0.43312368193084816,Média
15366.0,44,2,602.51,301.255,37,327,0.4315966987959257,Média
15360.0,9,1,427.93,427.93,13,9,0.4313723608304066,Média
12912.0,10,1,318.06,318.06,7,10,0.43037166226846885,Média
15978.0,46,1,1098.78,1098.78,49,46,0.4293009086321117,Média
16054.0,114,1,783.9,783.9,70,114,0.42906359578511977,Média
16887.0,4,1,192.32999999999998,192.32999999999998,35,4,0.42640201812030876,Média
15245.0,103,3,2515.84,838.6133333333333,55,230,0.42601762741752336,Média
16859.0,114,2,747.81,373.905,50,230,0.42504334448561293,Média
17317.0,15,3,2600.34,866.7800000000001,8,59,0.4219940007785621,Média
16732.0,1,1,603.75,603.75,28,1,0.42176770135197555,Média
17505.0,131,2,1145.8400000000001,572.9200000000001,48,175,0.42020429073490684,Média
15068.0,15,2,553.36,276.67999999999995,96,225,0.4192746710138124,Média
14081.0,271,2,921.62,460.81,126,338,0.41905897767257827,Média
15197.0,222,2,773.25,386.625,15,327,0.41878880928820406,Média
14164.0,40,2,1631.77,815.885,28,50,0.41755869841350185,Média
17877.0,139,1,237.61,237.61,12,139,0.41739480659992584,Média
12363.0,79,2,552.0,276.0,23,211,0.4166764567529992,Média
16079.0,9,1,508.22,508.22,11,9,0.414746274100896,Média
13583.0,125,1,781.03,781.03,53,125,0.41157780198704774,Média
13171.0,18,2,272.89,136.445,35,268,0.41123956864307376,Média
15452.0,40,2,403.08000000000004,201.54000000000002,44,233,0.41090505240988934,Média
12534.0,100,1,1089.18,1089.18,63,100,0.4108192848912039,Média
17267.0,96,2,317.2,158.60000000000002,37,96,0.41064316309802557,Média
17420.0,19,3,598.83,199.61,28,343,0.409925175217794,Média
18062.0,142,3,720.52,240.17333333333332,23,307,0.4091285091149209,Média
17579.0,107,2,270.86,135.43,15,148,0.408012986042438,Média
17786.0,54,2,266.85,133.425,57,286,0.407097665323315,Média
13978.0,14,1,158.99,158.99,14,14,0.4067275046163176,Média
15012.0,23,2,405.04,202.51999999999998,110,343,0.40660333222661005,Média
16091.0,124,2,315.06,157.53,16,168,0.40510409636920863,Média
15649.0,305,2,816.0,408.0,1,337,0.4029492424092613,Média
13972.0,40,2,190.25,95.125,15,171,0.4028451310298476,Média
13227.0,171,1,257.7,257.7,9,171,0.4006047021579809,Média
12754.0,205,3,3010.74,1003.5799999999999,49,278,0.4000328159980599,Média
14171.0,67,1,363.79,363.79,57,67,0.39903832113184456,Baixa
14759.0,82,2,870.85,435.425,47,202,0.39878062172907675,Baixa
14958.0,116,3,483.73,161.24333333333334,33,215,0.3980188725068985,Baixa
16680.0,12,1,183.7,183.7,10,12,0.39635359791031183,Baixa
15963.0,14,1,280.04,280.04,18,14,0.39606452233907896,Baixa
13297.0,36,1,1315.3799999999999,1315.3799999999999,38,36,0.39570689494235767,Baixa
15022.0,16,1,317.88,317.88,38,16,0.39419237431757687,Baixa
18164.0,6,1,399.65,399.65,24,6,0.39357237598464484,Baixa
13532.0,3,1,210.31,210.31,66,3,0.39324723317537874,Baixa
16511.0,114,2,565.7,282.85,83,236,0.3931248963522162,Baixa
15526.0,2,2,148.44,74.22,4,2,0.3918499087997345,Baixa
12578.0,299,1,1608.66,1608.66,70,299,0.39010886293165226,Baixa
15076.0,142,1,880.85,880.85,49,142,0.3896638703059066,Baixa
12688.0,83,1,4873.81,4873.81,171,83,0.3885752113608255,Baixa
16247.0,139,1,114.56,114.56,16,139,0.3866925797850224,Baixa
12735.0,284,2,779.5699999999999,389.78499999999997,38,306,0.38593797107722955,Baixa
16222.0,287,1,773.55,773.55,120,287,0.3853727726847346,Baixa
13886.0,40,1,243.56,243.56,16,40,0.38482206271531766,Baixa
16690.0,41,2,225.58,112.79,10,171,0.3847639285147596,Baixa
14853.0,180,1,214.5,214.5,3,180,0.38292413010367465,Baixa
17874.0,154,6,683.46,113.91000000000001,37,225,0.38277969197140993,Baixa
18001.0,56,1,250.13,250.13,41,56,0.38093153489698267,Baixa
12755.0,250,2,3811.9500000000003,1905.9750000000001,4,335,0.3808501368560819,Baixa
17892.0,25,3,244.1,81.36666666666666,27,124,0.3805864894387497,Baixa
13348.0,33,1,233.76000000000002,233.76000000000002,14,33,0.379594172919357,Baixa
15198.0,61,2,193.64,96.82,10,93,0.3795683650227892,Baixa
12879.0,14,3,573.22,191.07333333333335,7,61,0.37934249974558587,Baixa
13939.0,78,2,390.21,195.10500000000002,32,281,0.37846781197165436,Baixa
13242.0,81,3,270.40000000000003,90.13333333333333,12,183,0.3777122374896256,Baixa
16233.0,40,3,536.6800000000001,178.89333333333335,22,335,0.37665788385004967,Baixa
17171.0,258,1,224.91,224.91,16,258,0.37628006309493567,Baixa
13434.0,43,2,534.24,267.12,9,66,0.3757608859282903,Baixa
16572.0,96,3,1009.6,336.5333333333333,40,245,0.3746290033687131,Baixa
14193.0,37,2,853.39,426.69500000000005,35,239,0.3745043901511512,Baixa
14500.0,57,3,356.85,118.95,6,159,0.37316950807792976,Baixa
16718.0,338,1,606.0500000000001,606.0500000000001,41,338,0.3719551369298592,Baixa
13950.0,42,2,323.66,161.82999999999998,15,216,0.37096853978126965,Baixa
14538.0,34,2,388.25,194.125,19,225,0.37038119215862486,Baixa
13803.0,224,1,277.07,277.07,17,224,0.3696979591553521,Baixa
15123.0,175,1,1069.47,1069.47,53,175,0.36955143266030777,Baixa
15244.0,34,2,631.57,315.78499999999997,31,217,0.36955039190058875,Baixa
17712.0,14,1,522.91,522.91,29,14,0.3678316856638688,Baixa
18018.0,77,2,122.14,61.07,29,168,0.3661593440339538,Baixa
16302.0,96,1,233.22,233.22,11,96,0.36466647255571566,Baixa
17788.0,43,2,1117.9,558.95,3,99,0.3638919447799301,Baixa
15045.0,121,2,735.66,367.83,11,227,0.36364599435798084,Baixa
16647.0,139,2,214.06,107.03,12,174,0.36256284339044464,Baixa
14918.0,85,2,1610.15,805.075,39,124,0.36230298909309694,Baixa
15472.0,82,1,371.56,371.56,76,82,0.36176737598404407,Baixa
13375.0,58,1,778.65,778.65,37,58,0.36115115070993414,Baixa
15035.0,59,1,252.73000000000002,252.73000000000002,26,59,0.36084151805444986,Baixa
18246.0,202,1,232.9,232.9,2,202,0.3598502025786796,Baixa
17988.0,86,5,146.0,29.2,25,296,0.3586967623860282,Baixa
13243.0,172,1,585.12,585.12,56,172,0.3586214231326943,Baixa
12612.0,43,1,704.04,704.04,19,43,0.3583703647757188,Baixa
12468.0,157,2,729.54,364.77000000000004,36,285,0.35810557644503244,Baixa
18149.0,20,3,612.0799999999999,204.02666666666664,11,243,0.3579950576384838,Baixa
14984.0,150,1,102.23,102.23,16,150,0.35798529554492325,Baixa
16114.0,140,1,135.75000000000003,135.75000000000003,8,140,0.35775795594940474,Baixa
14336.0,167,3,1114.39,371.46333333333337,53,245,0.3576803318247257,Baixa
12438.0,109,1,890.0699999999999,890.0699999999999,49,109,0.3564202318143568,Baixa
15535.0,142,4,502.9,125.725,55,297,0.35590444786355524,Baixa
18013.0,124,2,187.29,93.64500000000001,31,124,0.3553378785072395,Baixa
16451.0,57,1,266.97,266.97,14,57,0.3550307464261786,Baixa
15018.0,8,3,496.21,165.40333333333334,30,337,0.35434401009194394,Baixa
14485.0,8,1,162.8,162.8,44,8,0.35394800769424994,Baixa
14222.0,146,1,683.17,683.17,41,146,0.3535212513030546,Baixa
15054.0,9,1,168.42,168.42,65,9,0.3531950741699766,Baixa
17496.0,328,1,271.05,271.05,10,328,0.3530345391102108,Baixa
15075.0,47,1,773.03,773.03,27,47,0.35284193491405946,Baixa
14021.0,124,3,631.9,210.63333333333333,22,225,0.35171509865935635,Baixa
18202.0,169,3,1396.99,465.66333333333336,55,280,0.35078255978318257,Baixa
13744.0,64,2,1080.52,540.26,54,261,0.3506793265878441,Baixa
14241.0,153,1,213.70000000000002,213.70000000000002,10,153,0.34946776335672053,Baixa
12798.0,13,2,3325.44,1662.72,6,140,0.3494537319022007,Baixa
13310.0,175,2,817.65,408.82500000000005,50,293,0.3474770405297305,Baixa
12781.0,33,2,826.74,413.37,25,254,0.34742913951027254,Baixa
15636.0,59,2,724.76,362.38,20,251,0.3464411947626962,Baixa
15919.0,338,1,214.07999999999998,214.07999999999998,38,338,0.34628692807836464,Baixa
16050.0,143,1,137.9,137.9,10,143,0.346104172752136,Baixa
14972.0,97,1,114.77,114.77,18,97,0.3459937891644765,Baixa
17723.0,96,6,3276.4000000000005,546.0666666666667,4,183,0.3456026064389261,Baixa
17198.0,334,2,521.66,260.83,73,340,0.345575964304501,Baixa
16561.0,29,1,264.96,264.96,16,29,0.3433606650567484,Baixa
18072.0,155,1,247.44,247.44,18,155,0.3417522474992801,Baixa
13473.0,30,2,422.64,211.32,21,302,0.34134484231827555,Baixa
15653.0,62,2,877.44,438.72,4,85,0.3405135988385105,Baixa
14323.0,84,2,605.0600000000001,302.53,32,208,0.340466106611262,Baixa
14450.0,150,3,483.25,161.08333333333334,32,290,0.34014036501651596,Baixa
16214.0,140,3,1062.75,354.25,36,238,0.33905718392621703,Baixa
17887.0,98,1,111.35,111.35,10,98,0.33880445528315845,Baixa
12561.0,272,1,238.85,238.85,16,272,0.3387219965244641,Baixa
12353.0,173,1,89.0,89.0,4,173,0.33868523211821616,Baixa
13420.0,119,2,159.85,79.925,8,140,0.33787944578076257,Baixa
14237.0,342,1,161.0,161.0,9,342,0.3368715123061375,Baixa
17418.0,11,2,463.46000000000004,231.73000000000002,29,293,0.3359856365418014,Baixa
13118.0,177,3,799.7,266.56666666666666,40,258,0.33511692170283625,Baixa
12654.0,6,4,508.98,127.245,28,264,0.33462089266062833,Baixa
13046.0,0,2,629.31,314.655,33,235,0.3343147160642745,Baixa
15456.0,252,3,434.59,144.86333333333332,48,328,0.33390299805190843,Baixa
15412.0,140,1,190.53,190.53,10,140,0.33350349439824795,Baixa
12990.0,0,3,409.5,136.5,8,279,0.3318497925442794,Baixa
16571.0,145,2,896.79,448.395,54,251,0.3316171721341036,Baixa
14658.0,86,1,123.14,123.14,14,86,0.3303650575551884,Baixa
16330.0,81,2,48.96,24.48,17,81,0.33015815096622814,Baixa
12908.0,145,2,750.0,375.0,1,282,0.33008531869000707,Baixa
16321.0,41,5,373.65000000000003,74.72999999999999,7,293,0.32990430939371185,Baixa
13799.0,86,2,688.86,344.42999999999995,32,263,0.3264488099151806,Baixa
13235.0,181,1,1031.07,1031.07,53,181,0.3261901860372387,Baixa
15258.0,138,2,623.16,311.58000000000004,32,186,0.3254568066976777,Baixa
15408.0,233,1,267.18,267.18,34,233,0.32545604240491066,Baixa
14628.0,60,2,671.96,335.98,22,211,0.32544150380119274,Baixa
18121.0,118,2,653.3000000000001,326.65000000000003,28,124,0.3236536724904163,Baixa
14593.0,168,2,339.59,169.795,54,168,0.3234555646514946,Baixa
16080.0,51,2,217.16,108.58,10,243,0.3229252446070901,Baixa
17029.0,80,2,716.0,358.0,1,206,0.3224359567552347,Baixa
17070.0,83,1,304.24,304.24,62,83,0.3221283751385686,Baixa
17968.0,343,1,265.1,265.1,74,343,0.3218112474708285,Baixa
15723.0,334,1,190.70000000000002,190.70000000000002,37,334,0.3212909597548028,Baixa
17181.0,26,2,239.92000000000002,119.96000000000001,23,343,0.3212695008537112,Baixa
16017.0,16,1,211.88,211.88,26,16,0.3206911104778106,Baixa
13787.0,45,2,309.04,154.51999999999998,24,333,0.3206585055221278,Baixa
13670.0,44,1,349.7,349.7,25,44,0.31877997278626424,Baixa
16616.0,126,1,210.10000000000002,210.10000000000002,11,126,0.3170155540052646,Baixa
15402.0,118,2,626.77,313.385,35,165,0.31695173588342457,Baixa
12498.0,27,1,247.25000000000003,247.25000000000003,13,27,0.3165144476534499,Baixa
17154.0,44,1,329.34,329.34,23,44,0.31643138061324894,Baixa
16715.0,47,1,301.71999999999997,301.71999999999997,19,47,0.3164306554614378,Baixa
13885.0,158,2,506.8,253.40000000000003,28,170,0.315981856698043,Baixa
17223.0,279,2,416.89,208.44500000000002,43,337,0.31511053541203415,Baixa
17693.0,106,1,200.47,200.47,16,106,0.31507135927258073,Baixa
13618.0,143,1,177.34,177.34,13,143,0.3149287178132503,Baixa
17987.0,154,1,198.57,198.57,13,154,0.31348645618277554,Baixa
14453.0,159,1,119.93,119.93,22,159,0.31345369534989603,Baixa
13173.0,336,1,165.94,165.94,23,336,0.311766285574107,Baixa
13430.0,55,1,336.31,336.31,29,55,0.31068052839710103,Baixa
14609.0,41,4,601.56,150.39,2,266,0.31013061529400004,Baixa
18158.0,58,1,343.8,343.8,24,58,0.30975905765464484,Baixa
16104.0,31,1,298.21,298.21,28,31,0.30937062652104286,Baixa
17361.0,18,3,488.2,162.73333333333332,26,261,0.30931338333737735,Baixa
17060.0,235,1,234.24,234.24,5,235,0.3092255128317381,Baixa
15239.0,48,1,461.79,461.79,30,48,0.30918590355855796,Baixa
13008.0,292,1,229.47,229.47,14,292,0.3090791984926074,Baixa
17172.0,48,1,317.76,317.76,15,48,0.30827103619233415,Baixa
17339.0,63,2,243.36,121.68,9,334,0.30816277755293425,Baixa
15528.0,223,1,229.33,229.33,26,223,0.30807634642018683,Baixa
13774.0,51,1,345.0,345.0,22,51,0.30799646224853766,Baixa
12994.0,89,2,645.47,322.735,38,238,0.3078077021500349,Baixa
16181.0,42,1,305.54,305.54,11,42,0.30723612648584414,Baixa
17256.0,76,2,240.0,120.0,12,281,0.30691139071625306,Baixa
16413.0,26,1,262.2,262.2,30,26,0.3062202684196824,Baixa
13592.0,5,4,247.95999999999998,61.989999999999995,15,233,0.3049620604052128,Baixa
14829.0,153,3,531.63,177.21,33,341,0.30495790202659967,Baixa
18099.0,96,1,168.31,168.31,19,96,0.3048098110911671,Baixa
17303.0,330,1,250.04,250.04,53,330,0.30468973355763895,Baixa
16124.0,286,1,249.0,249.0,11,286,0.30400739686974215,Baixa
14805.0,22,2,245.65,122.825,24,283,0.30308481068570264,Baixa
16400.0,64,1,303.93,303.93,28,64,0.3030847372094421,Baixa
14452.0,63,1,127.37,127.37,29,63,0.3025427623076529,Baixa
12686.0,341,1,89.14,89.14,7,341,0.29895746367800785,Baixa
16411.0,338,1,128.55,128.55,19,338,0.2976576405087967,Baixa
12855.0,342,1,38.1,38.1,3,342,0.29758019218888115,Baixa
14722.0,116,1,180.42,180.42,28,116,0.2965869706930565,Baixa
16566.0,26,4,502.28000000000003,125.57,10,262,0.2965741349273218,Baixa
17660.0,110,1,178.75,178.75,37,110,0.29598943204711897,Baixa
14645.0,126,2,597.09,298.545,28,245,0.2959587795061783,Baixa
15437.0,231,1,200.16,200.16,44,231,0.295546454750074,Baixa
13279.0,47,1,137.75,137.75,9,47,0.2925681397801622,Baixa
15920.0,123,4,167.5,41.875,53,123,0.2913948266811679,Baixa
16500.0,5,3,250.32,83.44,4,300,0.2896204579549702,Baixa
18142.0,126,2,1019.52,509.76,9,185,0.2894278568913657,Baixa
13792.0,35,2,195.55,97.775,13,256,0.2887017673360205,Baixa
14317.0,34,1,508.58,508.58,24,34,0.28766514803343196,Baixa
15223.0,195,2,755.75,377.875,14,219,0.2875712864235192,Baixa
12981.0,102,1,187.18,187.18,11,102,0.2874024908355853,Baixa
14589.0,341,1,39.75,39.75,3,341,0.28642163919730584,Baixa
12993.0,90,3,372.4,124.13333333333333,23,267,0.2859339433571503,Baixa
16658.0,337,1,123.24,123.24,8,337,0.28588085502474525,Baixa
17034.0,49,2,364.88,182.44,15,257,0.2849095727829102,Baixa
14594.0,342,1,255.0,255.0,31,342,0.28443255680648133,Baixa
14068.0,289,1,265.85,265.85,22,289,0.2831208742304762,Baixa
16567.0,163,2,865.6,432.79999999999995,34,306,0.28308843976580206,Baixa
14768.0,96,1,133.20000000000002,133.20000000000002,4,96,0.2828658492924181,Baixa
14987.0,335,1,163.2,163.2,2,335,0.28282104445189554,Baixa
17925.0,342,1,244.08,244.08,1,342,0.28188531040166054,Baixa
15637.0,22,1,223.36,223.36,15,22,0.2811453513653434,Baixa
15793.0,9,2,612.0,306.0,5,238,0.2805436830853031,Baixa
14117.0,113,1,90.0,90.0,3,113,0.2791287779384461,Baixa
17775.0,224,1,56.4,56.4,3,224,0.2787952988355776,Baixa
18282.0,95,1,100.21000000000001,100.21000000000001,7,95,0.2764787589383807,Baixa
18045.0,14,1,178.34,178.34,43,14,0.2738272060093286,Baixa
14162.0,143,2,289.36,144.68,25,262,0.27332891397146825,Baixa
18088.0,30,1,166.03,166.03,35,30,0.27232420827982456,Baixa
12410.0,278,2,693.33,346.665,26,278,0.27202741795095603,Baixa
13453.0,135,2,356.98,178.49,16,259,0.2716008086387476,Baixa
17456.0,334,1,249.86,249.86,17,334,0.27079152082134966,Baixa
15343.0,56,1,364.5,364.5,21,56,0.26916262083897663,Baixa
13193.0,30,1,112.08,112.08,22,30,0.2688238169714053,Baixa
13489.0,74,4,449.52,112.38000000000001,11,264,0.26840060693670653,Baixa
17880.0,334,1,458.92,458.92,26,334,0.2672910743549567,Baixa
14687.0,76,1,628.38,628.38,15,76,0.26707169913181306,Baixa
14570.0,250,2,218.06,109.03,29,250,0.2667574039592644,Baixa
12844.0,99,1,174.88,174.88,27,99,0.26578679632421587,Baixa
13483.0,35,1,140.34,140.34,10,35,0.2647155586046579,Baixa
15071.0,63,2,982.07,491.0350000000001,25,245,0.2644376697702839,Baixa
14496.0,281,2,538.8100000000001,269.40500000000003,16,342,0.26381410311736203,Baixa
18120.0,183,1,111.15,111.15,17,183,0.26311234101245173,Baixa
17440.0,126,3,186.42000000000002,62.14000000000001,3,217,0.2629792062214207,Baixa
16473.0,134,3,316.11,105.37,18,306,0.2623633395190453,Baixa
17095.0,268,2,543.96,271.98,33,304,0.26108890981745997,Baixa
14761.0,28,2,255.9,127.95,11,304,0.26091414820792597,Baixa
15171.0,300,1,1289.5,1289.5,5,300,0.26081653463114185,Baixa
16198.0,44,1,400.68100000000004,400.68100000000004,15,44,0.26063535877107474,Baixa
18269.0,335,1,168.60000000000002,168.60000000000002,7,335,0.26039478204380645,Baixa
13960.0,41,1,128.1,128.1,4,41,0.2602468733030265,Baixa
17960.0,140,1,73.78,73.78,26,140,0.25931655089366434,Baixa
18048.0,172,2,172.29000000000002,86.14500000000001,6,172,0.25804945909311783,Baixa
14491.0,144,2,340.93,170.465,17,342,0.2576642684604153,Baixa
14287.0,168,2,83.28,41.64,4,168,0.25765341600040953,Baixa
17647.0,34,1,133.06,133.06,7,34,0.2575028624273934,Baixa
12991.0,81,1,303.56,303.56,22,81,0.25675370219933585,Baixa
13226.0,242,1,108.21000000000001,108.21000000000001,16,242,0.25671648967549243,Baixa
13686.0,152,1,72.0,72.0,8,152,0.2562668146524881,Baixa
13460.0,19,1,107.46000000000001,107.46000000000001,11,19,0.25577361795085607,Baixa
14484.0,19,1,321.92,321.92,14,19,0.25480244825588355,Baixa
16048.0,342,2,256.44,128.22000000000003,8,342,0.25204617512531086,Baixa
16596.0,335,1,120.65,120.65,6,335,0.25050708187065757,Baixa
13551.0,288,1,91.80000000000001,91.80000000000001,4,288,0.2495638148041797,Baixa
14373.0,327,1,76.55,76.55,4,327,0.24883137903131777,Baixa
15832.0,223,1,836.79,836.79,54,223,0.24784368387410163,Baixa
13751.0,257,1,296.25,296.25,9,257,0.24745275260717567,Baixa
15083.0,226,1,88.2,88.2,5,226,0.24684970219678884,Baixa
16022.0,229,1,602.63,602.63,68,229,0.24683117608606803,Baixa
17785.0,22,1,131.94,131.94,13,22,0.2462700656577199,Baixa
14539.0,14,1,72.13,72.13,7,14,0.2459088988584903,Baixa
12831.0,231,1,215.05,215.05,9,231,0.2459052270950398,Baixa
12436.0,69,1,509.01,509.01,16,69,0.24413899060931385,Baixa
13692.0,183,2,871.58,435.79,32,205,0.24388014290227555,Baixa
17752.0,328,1,80.64,80.64,1,328,0.243625661393384,Baixa
16878.0,53,1,13.3,13.3,3,53,0.2424610265929878,Baixa
13690.0,28,1,172.25,172.25,9,28,0.24060795329754248,Baixa
15703.0,234,1,211.5,211.5,5,234,0.24059195852711301,Baixa
16846.0,19,1,214.32,214.32,11,19,0.2392066899276573,Baixa
12644.0,99,1,477.90999999999997,477.90999999999997,31,99,0.23877735515388687,Baixa
14705.0,168,1,179.0,179.0,1,168,0.23855024943106307,Baixa
14459.0,124,1,1837.92,1837.92,37,124,0.23793188626020173,Baixa
13602.0,34,1,428.89,428.89,23,34,0.237859841383652,Baixa
12665.0,294,1,63.0,63.0,3,294,0.2367674218178637,Baixa
17174.0,187,1,59.9,59.9,4,187,0.23620067765976657,Baixa
16276.0,146,1,810.6,810.6,6,146,0.23614019469164538,Baixa
15623.0,110,1,301.03000000000003,301.03000000000003,19,110,0.23567876627658574,Baixa
17163.0,47,1,123.10000000000001,123.10000000000001,3,47,0.2346491962277664,Baixa
14537.0,27,1,355.56,355.56,10,27,0.23310456921371345,Baixa
14957.0,222,1,58.49,58.49,12,222,0.23272291481090396,Baixa
16339.0,253,1,94.05,94.05,17,253,0.23254231703193298,Baixa
17187.0,196,1,203.95,203.95,10,196,0.23051982461795603,Baixa
14862.0,118,1,304.1,304.1,21,118,0.2297041122593685,Baixa
14037.0,145,2,147.20000000000002,73.6,27,334,0.22960627429420716,Baixa
15958.0,43,1,104.35,104.35,7,43,0.22949771256958093,Baixa
17640.0,56,1,621.66,621.66,5,56,0.22894277010030242,Baixa
14271.0,195,1,112.32000000000001,112.32000000000001,10,195,0.22773018200575004,Baixa
13876.0,33,1,122.7,122.7,7,33,0.2270981703033045,Baixa
15945.0,334,1,181.0,181.0,2,334,0.22683766665598198,Baixa
18032.0,303,1,73.5,73.5,5,303,0.22653315243430078,Baixa
15930.0,36,1,426.63,426.63,21,36,0.2261286224547409,Baixa
14890.0,223,1,125.65,125.65,7,223,0.2257089297675157,Baixa
15691.0,221,1,136.8,136.8,2,221,0.22559146732485166,Baixa
14861.0,21,1,125.79,125.79,6,21,0.22503276097980995,Baixa
12897.0,174,2,216.5,108.25,3,271,0.22410898018475262,Baixa
15942.0,103,1,337.44,337.44,14,103,0.22402821534550654,Baixa
12793.0,304,2,545.48,272.74,21,340,0.22310618277458313,Baixa
14027.0,30,1,104.82,104.82,6,30,0.2227407634753887,Baixa
14873.0,179,1,519.68,519.68,28,179,0.22243923707753946,Baixa
17584.0,96,1,749.45,749.45,16,96,0.2220814121335419,Baixa
18220.0,196,1,305.28,305.28,2,196,0.2220553098599307,Baixa
15457.0,231,1,237.07,237.07,56,231,0.22138786201906313,Baixa
18129.0,212,1,112.55000000000001,112.55000000000001,13,212,0.22081301363541125,Baixa
17991.0,194,2,93.35,46.675000000000004,4,195,0.22072199675782295,Baixa
16921.0,30,1,154.18,154.18,50,30,0.2206899279634922,Baixa
14457.0,280,1,113.64,113.64,4,280,0.22011410809493573,Baixa
18165.0,146,1,302.46,302.46,10,146,0.21910785636502528,Baixa
16792.0,251,2,110.38,55.19,11,251,0.21844745448565714,Baixa
14054.0,34,1,92.46000000000001,92.46000000000001,6,34,0.21820608972703823,Baixa
16832.0,153,3,199.15,66.38333333333334,11,186,0.21685933661056217,Baixa
16623.0,215,1,129.45000000000002,129.45000000000002,5,215,0.21662847349441203,Baixa
14185.0,300,1,197.65,197.65,3,300,0.21624000905128948,Baixa
17970.0,180,1,562.79,562.79,27,180,0.2155060234604179,Baixa
15355.0,22,1,126.25,126.25,8,22,0.21545573621351272,Baixa
17309.0,64,1,82.75,82.75,11,64,0.21424979287857984,Baixa
13947.0,34,1,90.60000000000001,90.60000000000001,5,34,0.21420433597435826,Baixa
14962.0,240,1,126.7,126.7,5,240,0.21394751367789577,Baixa
14148.0,203,1,157.2,157.2,3,203,0.21386259239467564,Baixa
17923.0,251,1,207.50000000000003,207.50000000000003,1,251,0.21237323429410007,Baixa
12789.0,34,1,91.85,91.85,4,34,0.2122504441385647,Baixa
16272.0,86,1,411.7,411.7,25,86,0.21039442009188314,Baixa
15744.0,47,1,34.8,34.8,3,47,0.2100059807864579,Baixa
15363.0,342,1,326.0,326.0,16,342,0.20895251647150442,Baixa
13898.0,295,1,155.93,155.93,12,295,0.2087661042391518,Baixa
13311.0,119,1,490.11,490.11,24,119,0.20800683382723717,Baixa
15940.0,280,1,35.8,35.8,1,280,0.20786262365671418,Baixa
17732.0,342,1,303.97,303.97,18,342,0.2074145623523647,Baixa
17666.0,35,1,409.08,409.08,12,35,0.2072118834383074,Baixa
14320.0,176,2,477.79,238.89499999999998,29,302,0.20556141094556918,Baixa
16766.0,242,2,1145.6,572.8,17,242,0.2055508836578806,Baixa
14801.0,30,1,189.34,189.34,56,30,0.20480993703726352,Baixa
13817.0,321,1,128.7,128.7,9,321,0.20430992082397167,Baixa
14889.0,305,1,135.9,135.9,10,305,0.20375748136309896,Baixa
12506.0,202,1,73.5,73.5,23,202,0.20162135482238816,Baixa
15333.0,177,1,1028.56,1028.56,16,177,0.20142600612310446,Baixa
14041.0,235,1,141.41,141.41,21,235,0.2011288628439051,Baixa
17026.0,154,2,154.83,77.415,4,339,0.19859811068389172,Baixa
18190.0,161,2,284.46000000000004,142.23000000000002,14,300,0.19727948365975004,Baixa
17040.0,107,1,449.73,449.73,15,107,0.19677633551041684,Baixa
14046.0,253,1,154.99,154.99,14,253,0.19638726761863048,Baixa
15139.0,209,2,178.96,89.47999999999999,13,306,0.19584621049226864,Baixa
13075.0,99,1,919.61,919.61,22,99,0.19511387467464839,Baixa
17374.0,188,2,495.77,247.885,24,250,0.19422516906334392,Baixa
16147.0,103,1,375.0,375.0,22,103,0.19396573956830573,Baixa
16319.0,187,1,404.40000000000003,404.40000000000003,3,187,0.19214291821738588,Baixa
13763.0,32,1,1714.96,1714.96,15,32,0.19199960330140362,Baixa
15843.0,273,1,118.95,118.95,8,273,0.1913975347258338,Baixa
12465.0,138,1,440.94,440.94,26,138,0.19101788605875492,Baixa
12770.0,180,1,1351.45,1351.45,12,180,0.1908314710400319,Baixa
13385.0,299,1,534.57,534.57,35,299,0.18417297339624505,Baixa
15717.0,203,1,150.3,150.3,7,203,0.18398568298896792,Baixa
17955.0,168,4,557.3,139.325,14,189,0.18287511177073623,Baixa
12386.0,307,2,401.9,200.95000000000002,10,336,0.1818403460029995,Baixa
15543.0,257,1,127.86,127.86,26,257,0.18018679740647076,Baixa
18185.0,218,1,304.25,304.25,17,218,0.1786400554669709,Baixa
15063.0,182,1,370.79999999999995,370.79999999999995,5,182,0.17821478947640446,Baixa
17972.0,211,1,135.19,135.19,30,211,0.17803894594474956,Baixa
16545.0,134,1,339.3,339.3,3,134,0.17499675665644465,Baixa
16148.0,265,1,76.32000000000001,76.32000000000001,1,265,0.17457044050872011,Baixa
18240.0,15,1,422.58,422.58,6,15,0.17367199214526124,Baixa
12785.0,333,1,311.95,311.95,14,333,0.17287381925408282,Baixa
18218.0,180,2,641.92,320.96000000000004,17,251,0.1725755927570117,Baixa
13936.0,149,1,376.58,376.58,26,149,0.1724575704690145,Baixa
17620.0,29,1,81.44,81.44,4,29,0.17213318738049785,Baixa
17334.0,271,2,307.02000000000004,153.51000000000002,11,278,0.17208093438238178,Baixa
15661.0,286,2,309.8,154.89999999999998,4,308,0.17102580857849356,Baixa
16399.0,204,1,178.41,178.41,31,204,0.17065021918251438,Baixa
15935.0,208,2,416.86,208.43,12,211,0.16692029698280375,Baixa
17094.0,291,1,302.0,302.0,14,291,0.16391522818305515,Baixa
15695.0,236,2,409.98,204.99,22,236,0.16142883991786344,Baixa
15087.0,251,1,306.94,306.94,15,251,0.1608822739895959,Baixa
13135.0,166,1,3096.0,3096.0,1,166,0.16011675299345052,Baixa
12414.0,186,3,562.4100000000001,187.47000000000003,16,279,0.15791641598525316,Baixa
13485.0,202,1,454.24,454.24,23,202,0.15736445868710794,Baixa
16834.0,197,1,413.46,413.46,24,197,0.1564556742153584,Baixa
14762.0,233,1,300.52,300.52,21,233,0.15600801744825105,Baixa
16660.0,180,2,384.36,192.18,5,289,0.15514088959269887,Baixa
12917.0,97,1,594.0,594.0,2,97,0.15094659179029637,Baixa
14616.0,212,3,406.08000000000004,135.36,2,287,0.15043937541876198,Baixa
17362.0,208,2,312.23,156.115,30,279,0.1496311345650309,Baixa
16193.0,206,1,314.45,314.45,19,206,0.1465609485279917,Baixa
14935.0,266,1,1784.71,1784.71,10,266,0.1445461810605167,Baixa
15213.0,288,2,328.35,164.17499999999998,22,299,0.1387917838860717,Baixa
13166.0,252,1,417.2,417.2,39,252,0.13861368735582905,Baixa
16084.0,268,1,436.18,436.18,38,268,0.13839572713353832,Baixa
16063.0,229,1,335.32,335.32,23,229,0.1360591658105998,Baixa
17443.0,189,1,534.24,534.24,1,189,0.1347858359380468,Baixa
16552.0,212,2,379.73,189.865,17,343,0.12753255582097642,Baixa
14747.0,218,1,328.2,328.2,18,218,0.12593062703501798,Baixa
15803.0,20,1,415.82000000000005,415.82000000000005,8,20,0.125652892317619,Baixa
14270.0,301,1,492.65000000000003,492.65000000000003,29,301,0.12476807543219581,Baixa
17862.0,293,1,330.9,330.9,11,293,0.12090138832037385,Baixa
18233.0,295,1,440.0,440.0,1,295,0.1181881843152904,Baixa
16560.0,327,1,332.18,332.18,20,327,0.11712266813960194,Baixa
16850.0,303,1,332.41,332.41,19,303,0.11622133395715493,Baixa
15655.0,212,1,560.6700000000001,560.6700000000001,34,212,0.1146972498423284,Baixa
13740.0,210,1,350.75,350.75,23,210,0.1107455100261612,Baixa
13239.0,231,1,329.56,329.56,21,231,0.10902574151218794,Baixa
12591.0,286,1,452.84999999999997,452.84999999999997,26,286,0.10268834750541486,Baixa
12639.0,208,1,486.1,486.1,22,208,0.10199354931039827,Baixa
13396.0,288,1,387.27000000000004,387.27000000000004,15,288,0.10055464830299596,Baixa
16947.0,205,1,406.48,406.48,21,205,0.10013285941165077,Baixa
14886.0,222,1,364.8,364.8,18,222,0.09682616940174034,Baixa
13358.0,238,1,439.03000000000003,439.03000000000003,29,238,0.08884716110522424,Baixa
17438.0,223,1,388.45000000000005,388.45000000000005,17,223,0.08227969329347558,Baixa
14912.0,216,1,482.79,482.79,14,216,0.08092448602745936,Baixa
16212.0,252,1,498.15000000000003,498.15000000000003,30,252,0.08062795790006813,Baixa
12866.0,252,1,559.12,559.12,26,252,0.07482848106683525,Baixa
12373.0,280,1,364.6,364.6,14,280,0.07257731802559157,Baixa
18250.0,279,1,349.27,349.27,21,279,0.06661166058719918,Baixa
15951.0,255,1,375.17,375.17,22,255,0.060905202975739585,Baixa
15090.0,277,1,381.32,381.32,23,277,0.060309368601325096,Baixa
